{
  "W_SSS_BPP": 0.0996449970146797,
  "W_SSS_BDDP": 0.2276336567923755,
  "W_SSS_EDDP": 0.08905087493545238,
  "W_SSS_PF": 0.09061198302213072,
  "W_SSS_RF": 0.17192979001854994,
  "W_SSS_SRA": 0.11148856020271586,
  "W_SSS_WR": 0.20964013801409584,
  "W_SSS": 0.019487985740264415,
  "W_DSS": 0.4828454725256595,
  "W_OSS": 0.49766654173407615
}