,current_power,required_n_for_80_power,effect_size,alpha,n
Balance,0.7539647157437905,33.36713118431778,0.5,0.05,30.0
Win_Rate,0.7539647157437905,33.36713118431778,0.5,0.05,30.0
Max_DD,0.7539647157437905,33.36713118431778,0.5,0.05,30.0
Profit_Factor,0.7539647157437905,33.36713118431778,0.5,0.05,30.0
Sharpe_Ratio,0.7539647157437905,33.36713118431778,0.5,0.05,30.0
