Metric,Mean,Std,Min,Max,Median
Balance,407.06266666666664,95.67757925425384,240.2,543.14,439.7
Win_Rate,42.41866666666667,6.150148713275339,33.98,59.2,40.34
Max_DD,25.817333333333334,4.0470891483525095,18.56,35.09,25.415
Profit_Factor,1.2300000000000002,0.6151030191260087,0.35,2.97,1.22
Recovery_Factor,1.2903333333333333,1.1121941139596256,0.25,4.42,1.295
Sharpe_Ratio,1.1340000000000001,0.45462072104117734,0.54,2.39,0.935
Total_Trades,656.0666666666667,415.46956677901244,109.0,1414.0,483.0
