{
  "W_SSS_BPP": 0.013689026511459246,
  "W_SSS_BDDP": 0.11361108834430735,
  "W_SSS_EDDP": 0.18028638663706875,
  "W_SSS_PF": 0.39960953072999245,
  "W_SSS_RF": 0.05927290198717468,
  "W_SSS_SRA": 0.008640765971310123,
  "W_SSS_WR": 0.22489029981868744,
  "W_SSS": 0.177710780960156,
  "W_DSS": 0.5737565695799972,
  "W_OSS": 0.24853264945984693
}